{
  "IcoMoonType": "selection",
  "icons": [
    {
      "icon": {
        "paths": [
          "M827.81 379.164l-116.105 0.174-346.725 326.859h-233.233v-227.551l317.694-296.837-213.225 0.664-236.216 220.072v439.644h446.73l380.895-362.107z",
          "M577.27 181.81l-380.895 362.117-0.174 100.909 116.094-0.174 346.725-326.859h233.233v227.551l-317.694 296.837 213.225-0.653 236.216-220.072v-439.655z"
        ],
        "attrs": [
          {
            "fill": "rgb(255, 255, 255)"
          },
          {
            "fill": "rgb(255, 255, 255)"
          }
        ],
        "isMulticolor": false,
        "isMulticolor2": false,
        "grid": 0,
        "tags": [
          "barcelona-metro-logo"
        ]
      },
      "attrs": [
        {
          "fill": "rgb(255, 255, 255)"
        },
        {
          "fill": "rgb(255, 255, 255)"
        }
      ],
      "properties": {
        "order": 7,
        "id": 0,
        "name": "logo",
        "prevSize": 32
      },
      "setIdx": 0,
      "setId": 2,
      "iconIdx": 0
    },
    {
      "icon": {
        "paths": [
          "M896 128v832h-672c-53.026 0-96-42.98-96-96s42.974-96 96-96h608v-768h-640c-70.398 0-128 57.6-128 128v768c0 70.4 57.602 128 128 128h768v-896h-64z",
          "M224.056 832v0c-0.018 0.002-0.038 0-0.056 0-17.672 0-32 14.326-32 32s14.328 32 32 32c0.018 0 0.038-0.002 0.056-0.002v0.002h607.89v-64h-607.89z"
        ],
        "attrs": [],
        "isMulticolor": false,
        "isMulticolor2": false,
        "tags": [
          "book",
          "read",
          "reading"
        ],
        "defaultCode": 59679,
        "grid": 16
      },
      "attrs": [],
      "properties": {
        "ligatures": "book, read",
        "name": "book",
        "id": 31,
        "order": 8,
        "prevSize": 32
      },
      "setIdx": 2,
      "setId": 0,
      "iconIdx": 31
    },
    {
      "icon": {
        "paths": [
          "M512 0c-282.77 0-512 229.23-512 512s229.23 512 512 512 512-229.23 512-512-229.23-512-512-512zM320 512c0-106.040 85.96-192 192-192s192 85.96 192 192-85.96 192-192 192-192-85.96-192-192zM925.98 683.476v0l-177.42-73.49c12.518-30.184 19.44-63.276 19.44-97.986s-6.922-67.802-19.44-97.986l177.42-73.49c21.908 52.822 34.020 110.73 34.020 171.476s-12.114 118.654-34.020 171.476v0zM683.478 98.020v0 0l-73.49 177.42c-30.184-12.518-63.276-19.44-97.988-19.44s-67.802 6.922-97.986 19.44l-73.49-177.422c52.822-21.904 110.732-34.018 171.476-34.018 60.746 0 118.654 12.114 171.478 34.020zM98.020 340.524l177.422 73.49c-12.518 30.184-19.442 63.276-19.442 97.986s6.922 67.802 19.44 97.986l-177.42 73.49c-21.906-52.822-34.020-110.73-34.020-171.476s12.114-118.654 34.020-171.476zM340.524 925.98l73.49-177.42c30.184 12.518 63.276 19.44 97.986 19.44s67.802-6.922 97.986-19.44l73.49 177.42c-52.822 21.904-110.73 34.020-171.476 34.020-60.744 0-118.654-12.114-171.476-34.020z"
        ],
        "attrs": [],
        "isMulticolor": false,
        "isMulticolor2": false,
        "tags": [
          "lifebuoy",
          "support",
          "help"
        ],
        "defaultCode": 59713,
        "grid": 16
      },
      "attrs": [],
      "properties": {
        "ligatures": "lifebuoy, support",
        "name": "lifebuoy",
        "id": 65,
        "order": 11,
        "prevSize": 32
      },
      "setIdx": 2,
      "setId": 0,
      "iconIdx": 65
    },
    {
      "icon": {
        "paths": [
          "M0 832h1024v128h-1024zM128 576h128v192h-128zM320 320h128v448h-128zM512 512h128v256h-128zM704 128h128v640h-128z"
        ],
        "attrs": [],
        "isMulticolor": false,
        "isMulticolor2": false,
        "tags": [
          "stats-bars",
          "stats",
          "statistics",
          "chart"
        ],
        "defaultCode": 59804,
        "grid": 16
      },
      "attrs": [],
      "properties": {
        "ligatures": "stats-bars, stats3",
        "name": "stats-bars",
        "id": 156,
        "order": 10,
        "prevSize": 32
      },
      "setIdx": 2,
      "setId": 0,
      "iconIdx": 156
    },
    {
      "icon": {
        "paths": [
          "M608 192h160v-192h-160c-123.514 0-224 100.486-224 224v96h-128v192h128v512h192v-512h160l32-192h-192v-96c0-17.346 14.654-32 32-32z"
        ],
        "attrs": [],
        "isMulticolor": false,
        "isMulticolor2": false,
        "tags": [
          "facebook",
          "brand",
          "social"
        ],
        "defaultCode": 60048,
        "grid": 16
      },
      "attrs": [],
      "properties": {
        "ligatures": "facebook, brand10",
        "name": "facebook",
        "id": 400,
        "order": 2,
        "prevSize": 32
      },
      "setIdx": 2,
      "setId": 0,
      "iconIdx": 400
    },
    {
      "icon": {
        "paths": [
          "M1024 226.4c-37.6 16.8-78.2 28-120.6 33 43.4-26 76.6-67.2 92.4-116.2-40.6 24-85.6 41.6-133.4 51-38.4-40.8-93-66.2-153.4-66.2-116 0-210 94-210 210 0 16.4 1.8 32.4 5.4 47.8-174.6-8.8-329.4-92.4-433-219.6-18 31-28.4 67.2-28.4 105.6 0 72.8 37 137.2 93.4 174.8-34.4-1-66.8-10.6-95.2-26.2 0 0.8 0 1.8 0 2.6 0 101.8 72.4 186.8 168.6 206-17.6 4.8-36.2 7.4-55.4 7.4-13.6 0-26.6-1.4-39.6-3.8 26.8 83.4 104.4 144.2 196.2 146-72 56.4-162.4 90-261 90-17 0-33.6-1-50.2-3 93.2 59.8 203.6 94.4 322.2 94.4 386.4 0 597.8-320.2 597.8-597.8 0-9.2-0.2-18.2-0.6-27.2 41-29.4 76.6-66.4 104.8-108.6z"
        ],
        "attrs": [],
        "isMulticolor": false,
        "isMulticolor2": false,
        "tags": [
          "twitter",
          "brand",
          "tweet",
          "social"
        ],
        "defaultCode": 60054,
        "grid": 16
      },
      "attrs": [],
      "properties": {
        "ligatures": "twitter, brand16",
        "name": "twitter",
        "id": 406,
        "order": 3,
        "prevSize": 32
      },
      "setIdx": 2,
      "setId": 0,
      "iconIdx": 406
    },
    {
      "icon": {
        "paths": [
          "M512.008 12.642c-282.738 0-512.008 229.218-512.008 511.998 0 226.214 146.704 418.132 350.136 485.836 25.586 4.738 34.992-11.11 34.992-24.632 0-12.204-0.48-52.542-0.696-95.324-142.448 30.976-172.504-60.41-172.504-60.41-23.282-59.176-56.848-74.916-56.848-74.916-46.452-31.778 3.51-31.124 3.51-31.124 51.4 3.61 78.476 52.766 78.476 52.766 45.672 78.27 119.776 55.64 149.004 42.558 4.588-33.086 17.852-55.68 32.506-68.464-113.73-12.942-233.276-56.85-233.276-253.032 0-55.898 20.004-101.574 52.76-137.428-5.316-12.9-22.854-64.972 4.952-135.5 0 0 43.006-13.752 140.84 52.49 40.836-11.348 84.636-17.036 128.154-17.234 43.502 0.198 87.336 5.886 128.256 17.234 97.734-66.244 140.656-52.49 140.656-52.49 27.872 70.528 10.35 122.6 5.036 135.5 32.82 35.856 52.694 81.532 52.694 137.428 0 196.654-119.778 239.95-233.79 252.624 18.364 15.89 34.724 47.046 34.724 94.812 0 68.508-0.596 123.644-0.596 140.508 0 13.628 9.222 29.594 35.172 24.566 203.322-67.776 349.842-259.626 349.842-485.768 0-282.78-229.234-511.998-511.992-511.998z"
        ],
        "attrs": [],
        "isMulticolor": false,
        "isMulticolor2": false,
        "tags": [
          "github",
          "brand",
          "octacat",
          "social"
        ],
        "defaultCode": 60080,
        "grid": 16
      },
      "attrs": [],
      "properties": {
        "ligatures": "github, brand40",
        "name": "github",
        "id": 432,
        "order": 6,
        "prevSize": 32
      },
      "setIdx": 2,
      "setId": 0,
      "iconIdx": 432
    },
    {
      "icon": {
        "paths": [
          "M384 384h177.106v90.782h2.532c24.64-44.194 84.958-90.782 174.842-90.782 186.946 0 221.52 116.376 221.52 267.734v308.266h-184.61v-273.278c0-65.184-1.334-149.026-96.028-149.026-96.148 0-110.82 70.986-110.82 144.292v278.012h-184.542v-576z",
          "M64 384h192v576h-192v-576z",
          "M256 224c0 53.019-42.981 96-96 96s-96-42.981-96-96c0-53.019 42.981-96 96-96s96 42.981 96 96z"
        ],
        "attrs": [],
        "isMulticolor": false,
        "isMulticolor2": false,
        "tags": [
          "linkedin",
          "brand",
          "social"
        ],
        "defaultCode": 60106,
        "grid": 16
      },
      "attrs": [],
      "properties": {
        "ligatures": "linkedin2, brand65",
        "name": "linkedin2",
        "id": 458,
        "order": 5,
        "prevSize": 32
      },
      "setIdx": 2,
      "setId": 0,
      "iconIdx": 458
    },
    {
      "icon": {
        "paths": [
          "M945.75 368.042l-448-298.666c-10.748-7.166-24.752-7.166-35.5 0l-448 298.666c-8.902 5.934-14.25 15.926-14.25 26.624v298.666c0 10.7 5.348 20.692 14.25 26.624l448 298.666c5.374 3.584 11.562 5.376 17.75 5.376s12.376-1.792 17.75-5.376l448-298.666c8.902-5.934 14.25-15.926 14.25-26.624v-298.666c0-10.698-5.348-20.69-14.25-26.624zM480 654.876l-166.312-110.876 166.312-110.874 166.312 110.874-166.312 110.876zM512 377.542v-221.75l358.31 238.876-166.31 110.874-192-128zM448 377.542l-192 128-166.312-110.874 358.312-238.876v221.75zM198.312 544l-134.312 89.542v-179.082l134.312 89.54zM256 582.458l192 128v221.748l-358.312-238.872 166.312-110.876zM512 710.458l192-128 166.312 110.876-358.312 238.874v-221.75zM761.688 544l134.312-89.54v179.084l-134.312-89.544z"
        ],
        "attrs": [],
        "isMulticolor": false,
        "isMulticolor2": false,
        "tags": [
          "codepen",
          "brand"
        ],
        "defaultCode": 60136,
        "grid": 16
      },
      "attrs": [],
      "properties": {
        "ligatures": "codepen, brand81",
        "name": "codepen",
        "id": 488,
        "order": 9,
        "prevSize": 32
      },
      "setIdx": 2,
      "setId": 0,
      "iconIdx": 488
    }
  ],
  "height": 1024,
  "preferences": {
    "showGlyphs": true,
    "showQuickUse": true,
    "showQuickUse2": true,
    "showSVGs": true,
    "fontPref": {
      "prefix": "icon-",
      "metadata": {
        "fontFamily": "icomoon"
      },
      "metrics": {
        "emSize": 1024,
        "baseline": 6.25,
        "whitespace": 50
      },
      "embed": false
    },
    "imagePref": {
      "prefix": "icon-",
      "png": false,
      "useClassSelector": true,
      "color": 0,
      "bgColor": 16777215,
      "classSelector": ".icon",
      "height": 32,
      "columns": 16,
      "margin": 16
    },
    "historySize": 50,
    "showCodes": true,
    "gridSize": 16
  }
}